Date,Nino1.2,Anom1.2,Nino3,Anom3,Nino 4,Anom4,Nino3.4,Anom3.4,OLR,SOI
1951-01-01,,,,,,,,,,1.5
1951-02-01,,,,,,,,,,0.9
1951-03-01,,,,,,,,,,-0.1
1951-04-01,,,,,,,,,,-0.3
1951-05-01,,,,,,,,,,-0.7
1951-06-01,,,,,,,,,,0.2
1951-07-01,,,,,,,,,,-1.0
1951-08-01,,,,,,,,,,-0.2
1951-09-01,,,,,,,,,,-1.1
1951-10-01,,,,,,,,,,-1.0
1951-11-01,,,,,,,,,,-0.8
1951-12-01,,,,,,,,,,-0.7
1952-01-01,,,,,,,,,,-0.9
1952-02-01,,,,,,,,,,-0.6
1952-03-01,,,,,,,,,,0.5
1952-04-01,,,,,,,,,,-0.2
1952-05-01,,,,,,,,,,0.8
1952-06-01,,,,,,,,,,0.7
1952-07-01,,,,,,,,,,0.5
1952-08-01,,,,,,,,,,0.1
1952-09-01,,,,,,,,,,-0.2
1952-10-01,,,,,,,,,,0.4
1952-11-01,,,,,,,,,,0.0
1952-12-01,,,,,,,,,,-1.2
1953-01-01,,,,,,,,,,0.3
1953-02-01,,,,,,,,,,-0.5
1953-03-01,,,,,,,,,,-0.2
1953-04-01,,,,,,,,,,0.2
1953-05-01,,,,,,,,,,-1.7
1953-06-01,,,,,,,,,,0.1
1953-07-01,,,,,,,,,,-0.0
1953-08-01,,,,,,,,,,-1.2
1953-09-01,,,,,,,,,,-1.2
1953-10-01,,,,,,,,,,0.1
1953-11-01,,,,,,,,,,-0.3
1953-12-01,,,,,,,,,,-0.5
1954-01-01,,,,,,,,,,0.7
1954-02-01,,,,,,,,,,-0.3
1954-03-01,,,,,,,,,,0.3
1954-04-01,,,,,,,,,,0.6
1954-05-01,,,,,,,,,,0.5
1954-06-01,,,,,,,,,,0.1
1954-07-01,,,,,,,,,,0.4
1954-08-01,,,,,,,,,,1.1
1954-09-01,,,,,,,,,,0.2
1954-10-01,,,,,,,,,,0.3
1954-11-01,,,,,,,,,,0.1
1954-12-01,,,,,,,,,,1.4
1955-01-01,,,,,,,,,,-0.5
1955-02-01,,,,,,,,,,1.9
1955-03-01,,,,,,,,,,0.6
1955-04-01,,,,,,,,,,-0.1
1955-05-01,,,,,,,,,,1.0
1955-06-01,,,,,,,,,,1.3
1955-07-01,,,,,,,,,,1.6
1955-08-01,,,,,,,,,,1.5
1955-09-01,,,,,,,,,,1.3
1955-10-01,,,,,,,,,,1.5
1955-11-01,,,,,,,,,,1.2
1955-12-01,,,,,,,,,,1.0
1956-01-01,,,,,,,,,,1.3
1956-02-01,,,,,,,,,,1.6
1956-03-01,,,,,,,,,,1.3
1956-04-01,,,,,,,,,,0.9
1956-05-01,,,,,,,,,,1.4
1956-06-01,,,,,,,,,,1.1
1956-07-01,,,,,,,,,,1.1
1956-08-01,,,,,,,,,,1.2
1956-09-01,,,,,,,,,,0.1
1956-10-01,,,,,,,,,,1.8
1956-11-01,,,,,,,,,,0.2
1956-12-01,,,,,,,,,,1.1
1957-01-01,,,,,,,,,,0.6
1957-02-01,,,,,,,,,,-0.1
1957-03-01,,,,,,,,,,0.2
1957-04-01,,,,,,,,,,0.2
1957-05-01,,,,,,,,,,-0.7
1957-06-01,,,,,,,,,,0.2
1957-07-01,,,,,,,,,,0.2
1957-08-01,,,,,,,,,,-0.5
1957-09-01,,,,,,,,,,-0.9
1957-10-01,,,,,,,,,,0.0
1957-11-01,,,,,,,,,,-1.0
1957-12-01,,,,,,,,,,-0.3
1958-01-01,,,,,,,,,,-1.9
1958-02-01,,,,,,,,,,-0.5
1958-03-01,,,,,,,,,,0.3
1958-04-01,,,,,,,,,,0.4
1958-05-01,,,,,,,,,,-0.5
1958-06-01,,,,,,,,,,0.3
1958-07-01,,,,,,,,,,0.4
1958-08-01,,,,,,,,,,0.9
1958-09-01,,,,,,,,,,-0.3
1958-10-01,,,,,,,,,,0.1
1958-11-01,,,,,,,,,,-0.4
1958-12-01,,,,,,,,,,-0.6
1959-01-01,,,,,,,,,,-0.9
1959-02-01,,,,,,,,,,-1.4
1959-03-01,,,,,,,,,,1.3
1959-04-01,,,,,,,,,,0.4
1959-05-01,,,,,,,,,,0.5
1959-06-01,,,,,,,,,,-0.1
1959-07-01,,,,,,,,,,-0.3
1959-08-01,,,,,,,,,,-0.1
1959-09-01,,,,,,,,,,0.0
1959-10-01,,,,,,,,,,0.5
1959-11-01,,,,,,,,,,0.9
1959-12-01,,,,,,,,,,0.9
1960-01-01,,,,,,,,,,0.1
1960-02-01,,,,,,,,,,0.1
1960-03-01,,,,,,,,,,1.0
1960-04-01,,,,,,,,,,0.8
1960-05-01,,,,,,,,,,0.5
1960-06-01,,,,,,,,,,0.1
1960-07-01,,,,,,,,,,0.5
1960-08-01,,,,,,,,,,0.8
1960-09-01,,,,,,,,,,0.7
1960-10-01,,,,,,,,,,0.1
1960-11-01,,,,,,,,,,0.5
1960-12-01,,,,,,,,,,0.8
1961-01-01,,,,,,,,,,-0.3
1961-02-01,,,,,,,,,,0.9
1961-03-01,,,,,,,,,,-1.8
1961-04-01,,,,,,,,,,0.8
1961-05-01,,,,,,,,,,0.3
1961-06-01,,,,,,,,,,0.1
1961-07-01,,,,,,,,,,0.2
1961-08-01,,,,,,,,,,0.2
1961-09-01,,,,,,,,,,0.1
1961-10-01,,,,,,,,,,-0.3
1961-11-01,,,,,,,,,,0.5
1961-12-01,,,,,,,,,,1.5
1962-01-01,,,,,,,,,,2.0
1962-02-01,,,,,,,,,,-0.3
1962-03-01,,,,,,,,,,0.1
1962-04-01,,,,,,,,,,0.2
1962-05-01,,,,,,,,,,1.1
1962-06-01,,,,,,,,,,0.7
1962-07-01,,,,,,,,,,0.1
1962-08-01,,,,,,,,,,0.6
1962-09-01,,,,,,,,,,0.4
1962-10-01,,,,,,,,,,1.0
1962-11-01,,,,,,,,,,0.3
1962-12-01,,,,,,,,,,0.2
1963-01-01,,,,,,,,,,1.0
1963-02-01,,,,,,,,,,0.6
1963-03-01,,,,,,,,,,1.1
1963-04-01,,,,,,,,,,0.8
1963-05-01,,,,,,,,,,0.4
1963-06-01,,,,,,,,,,-0.5
1963-07-01,,,,,,,,,,-0.1
1963-08-01,,,,,,,,,,0.0
1963-09-01,,,,,,,,,,-0.6
1963-10-01,,,,,,,,,,-1.2
1963-11-01,,,,,,,,,,-0.8
1963-12-01,,,,,,,,,,-1.2
1964-01-01,,,,,,,,,,-0.4
1964-02-01,,,,,,,,,,0.0
1964-03-01,,,,,,,,,,1.1
1964-04-01,,,,,,,,,,1.1
1964-05-01,,,,,,,,,,0.2
1964-06-01,,,,,,,,,,0.8
1964-07-01,,,,,,,,,,0.6
1964-08-01,,,,,,,,,,1.5
1964-09-01,,,,,,,,,,1.3
1964-10-01,,,,,,,,,,1.3
1964-11-01,,,,,,,,,,0.2
1964-12-01,,,,,,,,,,-0.3
1965-01-01,,,,,,,,,,-0.4
1965-02-01,,,,,,,,,,0.4
1965-03-01,,,,,,,,,,0.8
1965-04-01,,,,,,,,,,-0.5
1965-05-01,,,,,,,,,,0.2
1965-06-01,,,,,,,,,,-0.6
1965-07-01,,,,,,,,,,-1.8
1965-08-01,,,,,,,,,,-0.7
1965-09-01,,,,,,,,,,-1.3
1965-10-01,,,,,,,,,,-0.9
1965-11-01,,,,,,,,,,-1.5
1965-12-01,,,,,,,,,,0.2
1966-01-01,,,,,,,,,,-1.3
1966-02-01,,,,,,,,,,-0.2
1966-03-01,,,,,,,,,,-0.9
1966-04-01,,,,,,,,,,-0.2
1966-05-01,,,,,,,,,,-0.4
1966-06-01,,,,,,,,,,0.3
1966-07-01,,,,,,,,,,0.1
1966-08-01,,,,,,,,,,0.6
1966-09-01,,,,,,,,,,-0.2
1966-10-01,,,,,,,,,,-0.1
1966-11-01,,,,,,,,,,-0.0
1966-12-01,,,,,,,,,,-0.3
1967-01-01,,,,,,,,,,1.7
1967-02-01,,,,,,,,,,1.7
1967-03-01,,,,,,,,,,1.2
1967-04-01,,,,,,,,,,-0.0
1967-05-01,,,,,,,,,,-0.0
1967-06-01,,,,,,,,,,0.6
1967-07-01,,,,,,,,,,0.2
1967-08-01,,,,,,,,,,0.7
1967-09-01,,,,,,,,,,0.5
1967-10-01,,,,,,,,,,0.1
1967-11-01,,,,,,,,,,-0.4
1967-12-01,,,,,,,,,,-0.6
1968-01-01,,,,,,,,,,0.5
1968-02-01,,,,,,,,,,1.3
1968-03-01,,,,,,,,,,0.1
1968-04-01,,,,,,,,,,0.0
1968-05-01,,,,,,,,,,1.2
1968-06-01,,,,,,,,,,1.1
1968-07-01,,,,,,,,,,0.7
1968-08-01,,,,,,,,,,0.3
1968-09-01,,,,,,,,,,-0.3
1968-10-01,,,,,,,,,,-0.1
1968-11-01,,,,,,,,,,-0.3
1968-12-01,,,,,,,,,,0.2
1969-01-01,,,,,,,,,,-1.5
1969-02-01,,,,,,,,,,-0.5
1969-03-01,,,,,,,,,,0.4
1969-04-01,,,,,,,,,,-0.4
1969-05-01,,,,,,,,,,-0.2
1969-06-01,,,,,,,,,,0.2
1969-07-01,,,,,,,,,,-0.5
1969-08-01,,,,,,,,,,-0.1
1969-09-01,,,,,,,,,,-1.0
1969-10-01,,,,,,,,,,-0.9
1969-11-01,,,,,,,,,,-0.1
1969-12-01,,,,,,,,,,0.4
1970-01-01,,,,,,,,,,-1.1
1970-02-01,,,,,,,,,,-1.0
1970-03-01,,,,,,,,,,0.6
1970-04-01,,,,,,,,,,-0.1
1970-05-01,,,,,,,,,,0.4
1970-06-01,,,,,,,,,,1.0
1970-07-01,,,,,,,,,,-0.4
1970-08-01,,,,,,,,,,0.6
1970-09-01,,,,,,,,,,1.2
1970-10-01,,,,,,,,,,1.0
1970-11-01,,,,,,,,,,1.6
1970-12-01,,,,,,,,,,1.9
1971-01-01,,,,,,,,,,0.4
1971-02-01,,,,,,,,,,2.0
1971-03-01,,,,,,,,,,2.3
1971-04-01,,,,,,,,,,1.7
1971-05-01,,,,,,,,,,0.9
1971-06-01,,,,,,,,,,0.4
1971-07-01,,,,,,,,,,0.2
1971-08-01,,,,,,,,,,1.5
1971-09-01,,,,,,,,,,1.4
1971-10-01,,,,,,,,,,1.7
1971-11-01,,,,,,,,,,0.5
1971-12-01,,,,,,,,,,0.3
1972-01-01,,,,,,,,,,0.5
1972-02-01,,,,,,,,,,1.1
1972-03-01,,,,,,,,,,0.6
1972-04-01,,,,,,,,,,-0.1
1972-05-01,,,,,,,,,,-1.6
1972-06-01,,,,,,,,,,-0.5
1972-07-01,,,,,,,,,,-1.4
1972-08-01,,,,,,,,,,-0.5
1972-09-01,,,,,,,,,,-1.4
1972-10-01,,,,,,,,,,-0.9
1972-11-01,,,,,,,,,,-0.3
1972-12-01,,,,,,,,,,-1.3
1973-01-01,,,,,,,,,,-0.3
1973-02-01,,,,,,,,,,-1.4
1973-03-01,,,,,,,,,,0.7
1973-04-01,,,,,,,,,,0.1
1973-05-01,,,,,,,,,,0.4
1973-06-01,,,,,,,,,,1.1
1973-07-01,,,,,,,,,,0.6
1973-08-01,,,,,,,,,,1.3
1973-09-01,,,,,,,,,,1.2
1973-10-01,,,,,,,,,,0.8
1973-11-01,,,,,,,,,,2.6
1973-12-01,,,,,,,,,,1.8
1974-01-01,,,,,,,,,-999.9,2.4
1974-02-01,,,,,,,,,-999.9,2.1
1974-03-01,,,,,,,,,-999.9,2.4
1974-04-01,,,,,,,,,-999.9,0.9
1974-05-01,,,,,,,,,-999.9,1.0
1974-06-01,,,,,,,,,1.1,0.4
1974-07-01,,,,,,,,,0.0,1.1
1974-08-01,,,,,,,,,1.0,0.8
1974-09-01,,,,,,,,,0.9,1.1
1974-10-01,,,,,,,,,1.1,0.9
1974-11-01,,,,,,,,,1.0,-0.1
1974-12-01,,,,,,,,,0.1,0.2
1975-01-01,,,,,,,,,-0.2,-0.5
1975-02-01,,,,,,,,,1.1,0.8
1975-03-01,,,,,,,,,1.1,1.6
1975-04-01,,,,,,,,,0.7,1.2
1975-05-01,,,,,,,,,1.4,0.6
1975-06-01,,,,,,,,,1.0,1.3
1975-07-01,,,,,,,,,1.2,1.9
1975-08-01,,,,,,,,,1.4,2.0
1975-09-01,,,,,,,,,1.3,2.1
1975-10-01,,,,,,,,,1.4,1.7
1975-11-01,,,,,,,,,1.3,1.2
1975-12-01,,,,,,,,,1.9,2.1
1976-01-01,,,,,,,,,1.1,1.4
1976-02-01,,,,,,,,,1.2,1.7
1976-03-01,,,,,,,,,0.3,1.7
1976-04-01,,,,,,,,,0.7,0.3
1976-05-01,,,,,,,,,0.4,0.4
1976-06-01,,,,,,,,,-0.4,0.3
1976-07-01,,,,,,,,,-0.5,-0.9
1976-08-01,,,,,,,,,-0.6,-0.8
1976-09-01,,,,,,,,,-0.3,-1.1
1976-10-01,,,,,,,,,-0.5,0.4
1976-11-01,,,,,,,,,0.2,0.7
1976-12-01,,,,,,,,,-0.8,-0.3
1977-01-01,,,,,,,,,-0.7,-0.4
1977-02-01,,,,,,,,,0.6,1.2
1977-03-01,,,,,,,,,-1.1,-0.5
1977-04-01,,,,,,,,,-0.0,-0.4
1977-05-01,,,,,,,,,0.4,-0.5
1977-06-01,,,,,,,,,0.4,-0.9
1977-07-01,,,,,,,,,-0.2,-1.1
1977-08-01,,,,,,,,,-0.0,-0.8
1977-09-01,,,,,,,,,-0.0,-0.8
1977-10-01,,,,,,,,,-0.2,-1.0
1977-11-01,,,,,,,,,-0.7,-1.3
1977-12-01,,,,,,,,,-1.9,-1.1
1978-01-01,,,,,,,,,-0.9,-0.3
1978-02-01,,,,,,,,,-0.9,-2.7
1978-03-01,,,,,,,,,-999.9,-0.2
1978-04-01,,,,,,,,,-999.9,-0.3
1978-05-01,,,,,,,,,-999.9,1.4
1978-06-01,,,,,,,,,-999.9,0.7
1978-07-01,,,,,,,,,-999.9,0.6
1978-08-01,,,,,,,,,-999.9,0.4
1978-09-01,,,,,,,,,-999.9,0.1
1978-10-01,,,,,,,,,-999.9,-0.4
1978-11-01,,,,,,,,,-999.9,-0.0
1978-12-01,,,,,,,,,-999.9,-0.1
1979-01-01,,,,,,,,,-0.7,-0.4
1979-02-01,,,,,,,,,-0.6,1.0
1979-03-01,,,,,,,,,-0.3,0.1
1979-04-01,,,,,,,,,0.3,-0.1
1979-05-01,,,,,,,,,0.0,0.5
1979-06-01,,,,,,,,,0.3,0.6
1979-07-01,,,,,,,,,0.5,1.3
1979-08-01,,,,,,,,,0.2,-0.2
1979-09-01,,,,,,,,,-0.1,0.1
1979-10-01,,,,,,,,,-0.7,-0.1
1979-11-01,,,,,,,,,-0.5,-0.4
1979-12-01,,,,,,,,,-0.5,-0.7
1980-01-01,,,,,,,,,0.6,0.4
1980-02-01,,,,,,,,,0.4,0.3
1980-03-01,,,,,,,,,-1.1,-0.4
1980-04-01,,,,,,,,,0.0,-0.6
1980-05-01,,,,,,,,,-0.2,-0.0
1980-06-01,,,,,,,,,-0.7,-0.0
1980-07-01,,,,,,,,,-0.3,-0.0
1980-08-01,,,,,,,,,-0.9,0.4
1980-09-01,,,,,,,,,0.0,-0.5
1980-10-01,,,,,,,,,-0.3,0.0
1980-11-01,,,,,,,,,-0.4,-0.3
1980-12-01,,,,,,,,,0.3,-0.1
1981-01-01,,,,,,,,,0.4,0.4
1981-02-01,,,,,,,,,-0.7,-0.2
1981-03-01,,,,,,,,,-0.9,-1.3
1981-04-01,,,,,,,,,-0.9,-0.1
1981-05-01,,,,,,,,,0.5,0.8
1981-06-01,,,,,,,,,0.4,1.2
1981-07-01,,,,,,,,,0.1,0.8
1981-08-01,,,,,,,,,0.9,0.7
1981-09-01,,,,,,,,,-0.0,0.3
1981-10-01,,,,,,,,,0.2,-0.4
1981-11-01,,,,,,,,,0.3,0.2
1981-12-01,,,,,,,,,-0.2,0.5
1982-01-01,24.28,-0.24,25.84,0.17,28.01,-0.21,26.65,0.08,0.9,1.2
1982-02-01,25.38,-0.72,26.26,-0.11,27.99,-0.11,26.54,-0.2,0.1,0.3
1982-03-01,25.22,-1.38,26.92,-0.25,28.18,-0.05,27.09,-0.14,-0.6,0.6
1982-04-01,24.57,-1.16,27.52,-0.05,28.61,0.1,27.83,0.02,-0.0,0.1
1982-05-01,24.0,-0.62,27.7,0.49,29.19,0.4,28.37,0.49,0.4,-0.3
1982-06-01,22.88,-0.29,27.1,0.46,29.46,0.62,28.35,0.65,-0.2,-1.0
1982-07-01,22.07,0.24,26.14,0.27,28.76,-0.02,27.57,0.27,-1.2,-1.5
1982-08-01,21.71,0.85,26.05,0.83,28.7,0.01,27.76,0.86,-1.6,-1.7
1982-09-01,21.91,1.33,26.5,1.49,28.91,0.24,28.01,1.24,-1.4,-1.7
1982-10-01,22.67,1.8,27.04,1.96,29.11,0.43,28.5,1.73,-1.8,-1.7
1982-11-01,24.4,2.78,27.39,2.19,28.85,0.18,28.5,1.68,-2.0,-2.6
1982-12-01,25.73,2.89,28.07,2.8,28.81,0.36,28.85,2.21,-0.9,-2.2
1983-01-01,26.82,2.3,28.37,2.69,28.63,0.41,28.7,2.13,-1.5,-3.5
1983-02-01,27.65,1.55,28.39,2.01,28.51,0.41,28.54,1.81,-0.7,-3.6
1983-03-01,28.34,1.73,28.48,1.32,28.59,0.37,28.45,1.22,0.1,-2.4
1983-04-01,28.1,2.37,28.76,1.19,28.49,-0.02,28.49,0.68,0.3,-0.9
1983-05-01,27.87,3.26,28.64,1.43,28.97,0.18,28.56,0.68,-0.8,0.6
1983-06-01,27.2,4.03,28.09,1.45,28.78,-0.06,28.16,0.45,-0.9,0.0
1983-07-01,25.69,3.85,26.56,0.68,28.46,-0.32,26.97,-0.33,-1.0,-0.6
1983-08-01,23.73,2.88,25.77,0.55,28.2,-0.49,26.46,-0.44,-0.1,0.1
1983-09-01,22.16,1.58,25.21,0.2,28.06,-0.62,26.38,-0.38,-0.1,0.9
1983-10-01,21.98,1.11,24.56,-0.52,27.67,-1.02,25.75,-1.02,0.3,0.4
1983-11-01,22.01,0.38,24.16,-1.03,27.67,-1.01,25.53,-1.29,0.2,-0.1
1983-12-01,22.95,0.11,24.39,-0.88,27.48,-0.97,25.49,-1.16,1.1,0.0
1984-01-01,24.35,-0.16,24.8,-0.87,27.41,-0.81,25.6,-0.96,1.7,0.2
1984-02-01,25.23,-0.87,26.41,0.03,27.26,-0.84,26.57,-0.16,1.9,0.9
1984-03-01,25.72,-0.88,26.88,-0.28,27.32,-0.91,26.71,-0.52,1.2,-0.2
1984-04-01,25.28,-0.45,27.28,-0.29,27.54,-0.97,27.27,-0.54,1.1,0.3
1984-05-01,23.44,-1.17,26.38,-0.84,27.94,-0.85,27.19,-0.69,0.7,0.2
1984-06-01,22.21,-0.97,25.36,-1.29,28.04,-0.81,26.68,-1.03,0.5,-0.3
1984-07-01,21.15,-0.69,25.04,-0.83,28.34,-0.45,26.62,-0.68,0.1,0.2
1984-08-01,20.28,-0.57,24.64,-0.58,28.04,-0.65,26.36,-0.54,0.2,0.4
1984-09-01,20.2,-0.38,24.72,-0.29,28.22,-0.45,26.35,-0.41,0.3,0.1
1984-10-01,20.45,-0.43,24.18,-0.9,28.02,-0.67,26.02,-0.75,0.2,-0.3
1984-11-01,21.42,-0.21,24.15,-1.05,27.92,-0.75,25.52,-1.3,-0.2,0.3
1984-12-01,22.62,-0.21,23.89,-1.37,27.45,-1.0,25.16,-1.48,0.1,-0.1
1985-01-01,23.59,-0.93,24.28,-1.39,27.39,-0.83,25.26,-1.3,0.2,-0.3
1985-02-01,24.79,-1.3,25.24,-1.14,27.53,-0.57,25.81,-0.92,1.2,1.2
1985-03-01,25.66,-0.95,26.21,-0.96,27.23,-0.99,26.35,-0.89,-0.7,0.8
1985-04-01,24.3,-1.43,26.64,-0.94,27.42,-1.09,26.71,-1.1,0.8,1.2
1985-05-01,22.72,-1.89,25.99,-1.22,27.71,-1.08,26.81,-1.08,1.1,0.4
1985-06-01,21.83,-1.35,25.45,-1.19,27.88,-0.96,26.63,-1.08,0.5,-0.4
1985-07-01,20.46,-1.37,24.73,-1.14,28.05,-0.74,26.5,-0.8,0.3,-0.1
1985-08-01,19.6,-1.26,24.24,-0.98,28.09,-0.6,26.27,-0.63,0.4,1.0
1985-09-01,19.23,-1.35,24.04,-0.97,28.08,-0.6,25.99,-0.77,-0.0,0.0
1985-10-01,19.76,-1.11,24.11,-0.98,28.11,-0.57,26.03,-0.74,0.2,-0.4
1985-11-01,20.83,-0.79,24.29,-0.91,28.3,-0.37,26.23,-0.59,-0.1,-0.2
1985-12-01,22.34,-0.5,24.39,-0.88,28.1,-0.34,26.05,-0.59,0.1,0.2
1986-01-01,24.5,-0.02,24.8,-0.87,27.7,-0.52,25.84,-0.72,0.2,1.0
1986-02-01,25.88,-0.22,25.8,-0.58,27.73,-0.37,25.95,-0.78,0.9,-1.0
1986-03-01,25.91,-0.69,26.74,-0.42,27.94,-0.29,26.64,-0.6,1.1,0.5
1986-04-01,24.82,-0.91,27.04,-0.53,27.83,-0.68,27.29,-0.52,0.4,0.3
1986-05-01,23.34,-1.27,26.44,-0.77,28.35,-0.44,27.32,-0.56,0.4,-0.2
1986-06-01,22.16,-1.02,26.15,-0.49,28.6,-0.24,27.38,-0.33,-0.2,1.0
1986-07-01,21.22,-0.61,25.78,-0.09,28.5,-0.29,27.26,-0.04,-0.2,0.3
1986-08-01,20.72,-0.14,25.12,-0.1,28.68,-0.01,27.09,0.19,0.2,-0.4
1986-09-01,20.47,-0.11,25.3,0.29,28.83,0.15,27.16,0.4,-1.0,-0.5
1986-10-01,21.0,0.12,25.43,0.34,28.91,0.23,27.28,0.51,-0.8,0.6
1986-11-01,21.62,-0.01,25.74,0.54,28.97,0.3,27.36,0.54,-1.5,-1.2
1986-12-01,22.96,0.12,25.86,0.6,28.64,0.19,27.47,0.82,-2.4,-1.4
1987-01-01,25.06,0.54,26.48,0.81,28.48,0.26,27.51,0.94,-2.3,-0.7
1987-02-01,26.75,0.66,27.16,0.78,28.41,0.31,27.55,0.82,-2.3,-1.2
1987-03-01,27.54,0.94,27.96,0.8,28.7,0.47,28.12,0.89,-1.3,-1.3
1987-04-01,26.6,0.87,28.14,0.57,28.77,0.26,28.25,0.45,-1.3,-1.4
1987-05-01,25.45,0.84,27.83,0.62,28.85,0.06,28.2,0.32,-1.9,-1.3
1987-06-01,23.83,0.66,27.15,0.51,29.18,0.34,28.42,0.72,-1.2,-1.1
1987-07-01,22.53,0.7,26.87,0.99,29.08,0.29,28.34,1.04,-2.2,-1.4
1987-08-01,21.58,0.72,26.28,1.06,29.04,0.35,28.1,1.2,-1.6,-0.9
1987-09-01,21.29,0.71,26.38,1.37,29.01,0.33,28.08,1.32,-0.6,-1.0
1987-10-01,22.17,1.29,25.96,0.88,29.31,0.63,27.74,0.97,-1.2,-0.4
1987-11-01,22.55,0.93,25.93,0.73,29.31,0.63,27.67,0.85,-0.7,-0.0
1987-12-01,23.28,0.44,26.17,0.91,28.96,0.51,27.41,0.77,-1.3,-0.5
1988-01-01,24.33,-0.19,26.2,0.53,28.72,0.5,27.23,0.67,-0.9,-0.1
1988-02-01,25.68,-0.42,26.35,-0.03,28.4,0.31,26.95,0.22,-0.7,-0.4
1988-03-01,25.75,-0.85,27.07,-0.1,28.15,-0.07,27.29,0.06,0.4,0.6
1988-04-01,24.66,-1.07,26.81,-0.76,27.91,-0.6,27.26,-0.55,0.2,0.1
1988-05-01,23.48,-1.13,25.54,-1.67,28.07,-0.72,26.56,-1.32,0.6,0.9
1988-06-01,21.58,-1.59,24.48,-2.16,27.89,-0.95,26.01,-1.7,0.9,0.1
1988-07-01,20.23,-1.6,23.79,-2.08,27.79,-1.0,25.57,-1.73,0.9,1.0
1988-08-01,19.19,-1.66,23.62,-1.6,27.7,-0.99,25.47,-1.43,1.1,1.5
1988-09-01,19.06,-1.52,24.07,-0.94,27.91,-0.77,25.83,-0.93,1.1,1.8
1988-10-01,19.35,-1.53,23.51,-1.58,26.93,-1.75,24.76,-2.01,0.8,1.4
1988-11-01,20.41,-1.22,23.38,-1.82,26.81,-1.87,24.6,-2.22,1.2,1.7
1988-12-01,21.67,-1.17,23.44,-1.82,26.67,-1.78,24.63,-2.01,1.6,1.2
1989-01-01,24.04,-0.48,24.23,-1.45,26.36,-1.86,24.56,-2.0,1.7,1.5
1989-02-01,25.86,-0.23,25.42,-0.96,26.63,-1.46,25.26,-1.48,1.7,1.2
1989-03-01,26.6,0.0,25.93,-1.23,26.97,-1.26,25.8,-1.44,1.3,1.1
1989-04-01,25.6,-0.13,26.51,-1.06,27.41,-1.1,26.49,-1.32,0.6,1.6
1989-05-01,23.36,-1.25,26.31,-0.9,28.1,-0.69,26.99,-0.89,0.4,1.2
1989-06-01,22.03,-1.15,26.25,-0.39,27.79,-1.05,27.03,-0.67,0.6,0.7
1989-07-01,21.14,-0.7,25.35,-0.52,27.96,-0.83,26.73,-0.57,0.4,0.9
1989-08-01,20.35,-0.51,24.57,-0.65,27.79,-0.91,26.18,-0.72,0.5,-0.3
1989-09-01,19.7,-0.88,24.61,-0.4,28.13,-0.54,26.25,-0.51,0.5,0.5
1989-10-01,20.2,-0.68,24.52,-0.57,28.14,-0.54,26.22,-0.55,0.2,0.8
1989-11-01,21.19,-0.43,24.5,-0.7,27.91,-0.76,26.21,-0.62,-0.6,-0.2
1989-12-01,22.26,-0.58,24.76,-0.5,28.3,-0.15,26.44,-0.2,-0.2,-0.5
1990-01-01,23.92,-0.6,25.27,-0.4,28.2,-0.02,26.45,-0.11,-1.0,-0.1
1990-02-01,25.66,-0.43,26.27,-0.11,28.27,0.18,26.74,0.01,-1.0,-1.8
1990-03-01,26.1,-0.5,26.67,-0.5,28.36,0.13,27.05,-0.18,-1.4,-0.4
1990-04-01,25.03,-0.7,27.36,-0.21,28.67,0.16,27.74,-0.06,-0.7,0.2
1990-05-01,24.0,-0.61,27.24,0.03,28.64,-0.15,27.92,0.04,-0.0,1.2
1990-06-01,22.77,-0.4,26.46,-0.18,28.64,-0.2,27.44,-0.26,0.1,0.3
1990-07-01,20.93,-0.9,25.72,-0.15,28.68,-0.11,27.27,-0.03,-0.2,0.5
1990-08-01,20.39,-0.47,25.16,-0.06,28.83,0.14,26.99,0.09,-0.7,-0.2
1990-09-01,19.98,-0.6,25.0,-0.01,28.76,0.08,26.73,-0.03,-0.7,-0.7
1990-10-01,20.08,-0.79,24.91,-0.17,28.96,0.28,26.95,0.18,-0.1,0.3
1990-11-01,20.73,-0.9,24.84,-0.36,28.82,0.15,26.73,-0.09,-0.5,-0.5
1990-12-01,22.12,-0.72,25.18,-0.08,28.84,0.39,26.86,0.22,-0.5,-0.2
1991-01-01,23.73,-0.78,25.63,-0.05,28.62,0.4,26.89,0.33,-0.4,0.6
1991-02-01,25.7,-0.4,26.28,-0.1,28.4,0.3,26.87,0.14,-0.6,0.3
1991-03-01,26.32,-0.28,26.96,-0.2,28.38,0.15,27.16,-0.08,-0.4,-0.7
1991-04-01,25.21,-0.52,27.39,-0.19,28.73,0.22,27.89,0.08,-0.0,-0.6
1991-05-01,24.65,0.04,27.44,0.22,29.18,0.39,28.13,0.25,-0.1,-1.0
1991-06-01,23.07,-0.11,27.23,0.58,29.05,0.21,28.1,0.39,-0.2,-0.1
1991-07-01,22.06,0.23,26.43,0.56,28.95,0.17,27.77,0.47,-0.5,0.0
1991-08-01,20.98,0.12,25.55,0.33,29.07,0.38,27.5,0.6,-1.0,-0.4
1991-09-01,20.72,0.14,25.12,0.11,28.85,0.17,27.07,0.31,-0.7,-1.5
1991-10-01,21.09,0.22,25.36,0.27,29.31,0.63,27.41,0.64,-0.6,-1.0
1991-11-01,21.92,0.29,25.93,0.73,29.12,0.44,27.71,0.89,-2.5,-0.7
1991-12-01,23.13,0.29,26.3,1.03,29.21,0.77,28.14,1.5,-1.8,-1.8
1992-01-01,24.59,0.07,26.86,1.18,28.8,0.58,28.23,1.67,-2.2,-2.9
1992-02-01,26.25,0.15,27.34,0.96,28.76,0.67,28.28,1.55,-1.3,-0.9
1992-03-01,27.38,0.78,27.87,0.71,28.83,0.6,28.39,1.16,-2.0,-2.0
1992-04-01,27.17,1.44,28.46,0.89,29.03,0.52,28.81,1.0,-1.6,-1.0
1992-05-01,26.09,1.47,28.28,1.07,29.12,0.33,28.79,0.91,-1.8,0.3
1992-06-01,23.66,0.48,27.12,0.47,29.01,0.17,28.12,0.42,-1.0,-0.6
1992-07-01,21.44,-0.39,25.65,-0.22,29.12,0.33,27.45,0.15,-0.4,-0.6
1992-08-01,20.67,-0.18,24.98,-0.24,28.65,-0.04,26.82,-0.08,-0.2,0.4
1992-09-01,20.37,-0.21,24.82,-0.19,28.65,-0.03,26.6,-0.16,-0.0,0.1
1992-10-01,20.99,0.12,24.66,-0.42,28.45,-0.24,26.27,-0.5,-0.5,-1.4
1992-11-01,21.37,-0.26,24.97,-0.23,28.37,-0.3,26.64,-0.18,-1.1,-0.7
1992-12-01,22.41,-0.43,25.1,-0.17,28.48,0.03,26.78,0.14,-1.5,-0.6
1993-01-01,24.25,-0.27,25.66,-0.01,28.32,0.09,26.73,0.16,-0.7,-0.9
1993-02-01,26.12,0.03,26.69,0.31,28.1,0.0,27.07,0.34,-1.6,-0.7
1993-03-01,26.84,0.23,27.38,0.22,28.29,0.07,27.46,0.23,-1.0,-0.5
1993-04-01,26.23,0.5,28.02,0.44,28.51,0.0,28.13,0.32,-2.0,-1.2
1993-05-01,25.16,0.54,28.05,0.84,28.79,-0.0,28.53,0.65,-1.5,-0.3
1993-06-01,23.53,0.36,26.82,0.18,28.76,-0.08,27.86,0.15,-1.4,-0.8
1993-07-01,22.06,0.23,26.04,0.17,28.8,0.02,27.51,0.22,-1.3,-0.8
1993-08-01,20.98,0.13,25.25,0.03,28.67,-0.02,26.86,-0.04,-0.6,-0.9
1993-09-01,20.88,0.3,25.16,0.15,28.83,0.16,27.0,0.24,-0.9,-0.7
1993-10-01,21.19,0.32,25.28,0.2,28.66,-0.02,26.96,0.19,-1.5,-1.1
1993-11-01,21.64,0.01,25.21,0.01,28.76,0.08,26.9,0.08,-0.1,-0.1
1993-12-01,22.46,-0.37,25.25,-0.02,28.74,0.29,26.74,0.1,-0.7,0.2
1994-01-01,24.31,-0.2,25.75,0.08,28.31,0.09,26.58,0.02,-0.1,-0.1
1994-02-01,25.76,-0.34,26.19,-0.19,27.89,-0.2,26.65,-0.08,0.6,0.3
1994-03-01,25.54,-1.06,26.86,-0.3,28.28,0.06,27.38,0.15,0.3,-0.7
1994-04-01,24.51,-1.22,27.01,-0.56,28.4,-0.11,27.88,0.08,-0.3,-1.3
1994-05-01,23.52,-1.1,26.95,-0.26,28.98,0.19,28.0,0.12,-0.1,-0.7
1994-06-01,22.42,-0.75,26.42,-0.23,29.03,0.19,27.84,0.13,0.1,-0.4
1994-07-01,21.22,-0.61,25.26,-0.61,29.25,0.47,27.29,-0.01,-0.3,-1.3
1994-08-01,19.89,-0.96,24.87,-0.35,29.31,0.61,27.3,0.4,-0.6,-1.2
1994-09-01,20.06,-0.52,24.9,-0.11,29.05,0.38,27.04,0.28,-1.0,-1.6
1994-10-01,21.56,0.69,25.58,0.49,29.19,0.5,27.37,0.6,-0.6,-1.1
1994-11-01,22.26,0.63,25.93,0.73,29.25,0.58,27.73,0.91,-1.4,-0.6
1994-12-01,23.46,0.62,26.07,0.8,29.16,0.71,27.79,1.15,-2.8,-1.2
1995-01-01,25.04,0.52,26.17,0.5,28.76,0.54,27.32,0.75,-1.7,-0.4
1995-02-01,26.17,0.07,26.75,0.37,28.8,0.71,27.37,0.64,-0.6,-0.1
1995-03-01,26.3,-0.3,26.97,-0.2,28.81,0.59,27.53,0.3,-0.0,0.8
1995-04-01,24.65,-1.08,27.0,-0.57,28.88,0.36,27.87,0.07,0.2,-0.7
1995-05-01,23.37,-1.24,26.4,-0.82,29.05,0.26,27.67,-0.21,0.2,-0.4
1995-06-01,22.44,-0.73,26.03,-0.61,28.9,0.06,27.35,-0.36,0.4,0.1
1995-07-01,21.34,-0.5,25.51,-0.36,28.71,-0.08,27.09,-0.21,0.4,0.4
1995-08-01,20.14,-0.71,24.44,-0.78,28.48,-0.21,26.33,-0.57,0.7,0.3
1995-09-01,20.23,-0.35,24.16,-0.85,28.36,-0.32,26.1,-0.66,0.4,0.3
1995-10-01,20.05,-0.82,24.18,-0.9,28.11,-0.57,25.82,-0.94,0.9,0.0
1995-11-01,21.53,-0.1,24.18,-1.01,28.05,-0.63,25.81,-1.01,0.8,0.0
1995-12-01,21.97,-0.86,24.31,-0.96,27.96,-0.48,25.73,-0.91,1.0,-0.5
1996-01-01,23.83,-0.69,24.96,-0.71,27.75,-0.48,25.74,-0.83,1.7,1.0
1996-02-01,25.6,-0.49,25.72,-0.66,27.48,-0.62,25.96,-0.77,1.6,0.3
1996-03-01,26.15,-0.45,26.66,-0.5,27.62,-0.61,26.58,-0.66,1.1,1.1
1996-04-01,24.09,-1.64,26.63,-0.94,28.01,-0.5,27.32,-0.49,0.4,0.8
1996-05-01,23.28,-1.34,26.36,-0.85,28.41,-0.38,27.37,-0.51,0.4,0.3
1996-06-01,21.86,-1.31,25.87,-0.78,28.45,-0.39,27.23,-0.48,0.5,1.2
1996-07-01,20.49,-1.34,25.22,-0.65,28.37,-0.42,26.93,-0.37,0.5,0.7
1996-08-01,19.75,-1.11,24.68,-0.54,28.44,-0.26,26.59,-0.31,0.5,0.7
1996-09-01,19.5,-1.08,24.46,-0.55,28.36,-0.32,26.41,-0.35,0.6,0.6
1996-10-01,20.14,-0.73,24.4,-0.68,28.34,-0.35,26.22,-0.55,0.5,0.6
1996-11-01,20.34,-1.29,24.56,-0.64,28.24,-0.43,26.39,-0.43,0.5,-0.1
1996-12-01,21.67,-1.16,24.2,-1.06,28.31,-0.14,26.04,-0.6,0.7,0.9
1997-01-01,23.58,-0.93,24.69,-0.98,28.12,-0.1,25.95,-0.61,0.5,0.5
1997-02-01,25.64,-0.45,25.66,-0.72,28.22,0.12,26.34,-0.39,0.5,1.7
1997-03-01,26.83,0.23,26.73,-0.44,28.35,0.13,26.88,-0.36,-1.0,-0.4
1997-04-01,26.53,0.8,27.26,-0.31,29.0,0.48,27.7,-0.11,-1.2,-0.6
1997-05-01,26.44,1.83,27.67,0.46,29.21,0.42,28.28,0.4,-1.7,-1.3
1997-06-01,25.97,2.79,27.85,1.21,29.04,0.2,28.52,0.81,-0.9,-1.4
1997-07-01,25.42,3.59,27.65,1.77,29.19,0.4,28.57,1.27,-1.5,-0.8
1997-08-01,24.57,3.71,27.54,2.32,29.03,0.33,28.58,1.68,-1.7,-1.4
1997-09-01,24.21,3.63,27.53,2.52,29.23,0.56,28.6,1.84,-1.4,-1.4
1997-10-01,24.44,3.57,27.78,2.69,28.99,0.3,28.73,1.96,-2.6,-1.5
1997-11-01,25.36,3.73,28.23,3.04,29.29,0.61,28.93,2.11,-0.6,-1.2
1997-12-01,26.57,3.73,28.33,3.07,28.89,0.44,28.74,2.1,-1.5,-1.0
1998-01-01,27.4,2.88,28.42,2.75,28.67,0.44,28.59,2.03,-0.7,-2.7
1998-02-01,28.01,1.91,28.57,2.19,28.62,0.52,28.47,1.74,-0.3,-2.0
1998-03-01,28.51,1.91,28.81,1.64,28.49,0.27,28.42,1.18,0.1,-2.4
1998-04-01,28.07,2.34,28.77,1.2,28.39,-0.12,28.3,0.5,1.0,-1.4
1998-05-01,27.46,2.84,28.27,1.06,28.56,-0.23,28.33,0.45,-0.3,0.3
1998-06-01,25.09,1.92,26.37,-0.27,28.36,-0.48,26.96,-0.75,-0.1,1.0
1998-07-01,23.47,1.64,25.49,-0.38,28.02,-0.77,26.15,-1.15,0.5,1.2
1998-08-01,21.98,1.12,24.78,-0.43,27.79,-0.9,25.7,-1.2,0.6,1.2
1998-09-01,21.11,0.53,24.38,-0.63,27.91,-0.77,25.73,-1.03,0.9,1.0
1998-10-01,21.66,0.79,24.18,-0.91,27.27,-1.41,25.43,-1.34,0.8,1.1
1998-11-01,21.45,-0.17,24.47,-0.73,27.24,-1.43,25.51,-1.31,1.0,1.0
1998-12-01,23.08,0.24,24.12,-1.15,26.96,-1.48,24.91,-1.73,1.3,1.4
1999-01-01,23.82,-0.69,24.52,-1.15,26.55,-1.67,24.98,-1.58,1.8,1.8
1999-02-01,25.67,-0.42,25.64,-0.74,26.62,-1.48,25.63,-1.1,1.3,1.0
1999-03-01,26.61,0.01,26.82,-0.35,26.89,-1.34,26.34,-0.89,1.5,1.3
1999-04-01,24.21,-1.52,26.74,-0.83,27.22,-1.29,26.81,-0.99,1.0,1.4
1999-05-01,23.79,-0.82,26.57,-0.64,27.8,-0.99,26.96,-0.92,0.7,0.2
1999-06-01,22.35,-0.83,25.84,-0.8,27.96,-0.89,26.62,-1.08,0.5,0.3
1999-07-01,21.04,-0.79,25.01,-0.87,27.7,-1.09,26.27,-1.03,0.2,0.5
1999-08-01,20.03,-0.83,24.26,-0.96,27.74,-0.95,25.68,-1.22,0.7,0.4
1999-09-01,19.64,-0.94,23.89,-1.12,27.77,-0.91,25.73,-1.03,1.0,-0.1
1999-10-01,20.13,-0.74,23.75,-1.34,27.84,-0.85,25.58,-1.19,0.9,1.0
1999-11-01,20.66,-0.96,23.63,-1.57,27.54,-1.13,25.19,-1.63,0.7,1.0
1999-12-01,22.17,-0.67,23.68,-1.59,27.21,-1.23,24.99,-1.65,1.8,1.4
2000-01-01,23.93,-0.59,24.0,-1.67,27.02,-1.2,24.8,-1.77,1.7,0.7
2000-02-01,25.71,-0.39,25.38,-1.0,26.69,-1.41,25.21,-1.52,2.2,1.7
2000-03-01,25.88,-0.72,26.56,-0.61,26.73,-1.49,26.11,-1.13,1.8,1.3
2000-04-01,25.94,0.21,27.38,-0.19,27.29,-1.22,26.91,-0.9,1.1,1.2
2000-05-01,23.97,-0.64,26.66,-0.56,27.65,-1.14,26.91,-0.97,0.4,0.4
2000-06-01,22.69,-0.49,25.91,-0.73,28.3,-0.55,27.01,-0.7,0.8,-0.2
2000-07-01,20.78,-1.05,25.07,-0.8,28.21,-0.57,26.57,-0.73,0.8,-0.2
2000-08-01,19.85,-1.01,24.64,-0.58,28.14,-0.55,26.39,-0.51,-0.1,0.7
2000-09-01,20.01,-0.57,24.55,-0.46,28.34,-0.33,26.24,-0.52,0.5,0.9
2000-10-01,20.38,-0.5,24.51,-0.57,28.02,-0.66,26.06,-0.71,0.4,1.1
2000-11-01,20.65,-0.97,24.29,-0.91,28.0,-0.67,25.92,-0.9,0.7,1.8
2000-12-01,22.43,-0.41,24.55,-0.72,27.29,-1.16,25.59,-1.05,1.0,0.8
2001-01-01,24.15,-0.37,25.25,-0.43,27.31,-0.91,25.81,-0.76,1.5,1.0
2001-02-01,25.71,-0.38,26.17,-0.21,27.1,-0.99,26.18,-0.56,0.6,1.7
2001-03-01,26.94,0.34,27.27,0.1,27.5,-0.73,26.86,-0.37,0.8,0.9
2001-04-01,26.26,0.53,27.35,-0.22,27.91,-0.6,27.24,-0.56,0.0,0.2
2001-05-01,24.26,-0.35,26.99,-0.22,28.38,-0.41,27.42,-0.46,-0.2,-0.5
2001-06-01,22.49,-0.69,26.42,-0.23,28.58,-0.27,27.55,-0.16,0.0,0.3
2001-07-01,21.25,-0.58,25.5,-0.37,28.94,0.15,27.19,-0.11,-0.0,-0.2
2001-08-01,20.31,-0.55,24.86,-0.35,28.77,0.07,26.81,-0.09,-0.4,-0.4
2001-09-01,19.81,-0.77,24.51,-0.5,29.06,0.39,26.58,-0.19,0.3,0.2
2001-10-01,19.8,-1.07,24.62,-0.47,28.87,0.19,26.52,-0.25,-0.1,-0.0
2001-11-01,20.77,-0.85,24.35,-0.84,28.79,0.12,26.35,-0.48,-0.4,0.7
2001-12-01,22.19,-0.64,24.68,-0.59,28.36,-0.09,26.11,-0.53,-1.8,-0.8
2002-01-01,23.94,-0.58,25.02,-0.65,28.6,0.38,26.36,-0.2,-0.2,0.4
2002-02-01,26.02,-0.07,26.03,-0.34,28.42,0.32,26.76,0.03,-1.2,1.1
2002-03-01,27.29,0.69,27.22,0.06,28.29,0.06,27.17,-0.06,-1.0,-0.2
2002-04-01,26.39,0.66,27.45,-0.12,28.88,0.37,27.84,0.03,0.3,-0.1
2002-05-01,25.35,0.74,27.38,0.16,29.29,0.5,28.07,0.19,0.1,-0.8
2002-06-01,23.3,0.12,27.13,0.48,29.34,0.5,28.31,0.6,-0.7,-0.2
2002-07-01,21.86,0.02,26.17,0.3,29.24,0.46,27.88,0.58,0.2,-0.5
2002-08-01,20.71,-0.15,25.53,0.31,29.23,0.54,27.56,0.66,-1.6,-1.0
2002-09-01,20.8,0.22,25.68,0.67,29.24,0.56,27.61,0.85,-1.9,-0.6
2002-10-01,21.64,0.77,25.75,0.66,29.25,0.57,27.79,1.02,-1.5,-0.4
2002-11-01,22.81,1.19,26.29,1.09,29.5,0.83,28.03,1.2,-1.8,-0.5
2002-12-01,23.73,0.89,26.42,1.15,29.28,0.83,27.94,1.3,-1.6,-1.1
2003-01-01,24.47,-0.05,26.34,0.67,28.86,0.64,27.45,0.88,-2.3,-0.2
2003-02-01,26.14,0.04,26.78,0.4,28.71,0.61,27.39,0.65,-1.1,-0.7
2003-03-01,26.66,0.06,27.31,0.15,28.83,0.61,27.73,0.5,-0.8,-0.3
2003-04-01,24.96,-0.77,27.21,-0.36,28.67,0.16,27.67,-0.14,0.3,-0.1
2003-05-01,22.87,-1.74,26.3,-0.91,28.59,-0.2,27.28,-0.6,0.1,-0.3
2003-06-01,22.23,-0.95,26.06,-0.59,28.86,0.02,27.37,-0.34,0.8,-0.6
2003-07-01,21.39,-0.44,25.85,-0.02,28.93,0.14,27.34,0.04,-0.2,0.3
2003-08-01,21.04,0.18,25.38,0.16,28.83,0.14,26.94,0.04,0.5,0.1
2003-09-01,20.31,-0.27,25.11,0.1,28.81,0.14,26.94,0.18,-0.0,-0.1
2003-10-01,21.14,0.27,25.5,0.42,29.12,0.44,27.19,0.42,-0.0,0.0
2003-11-01,22.07,0.44,25.52,0.32,29.08,0.41,27.03,0.21,0.5,-0.3
2003-12-01,23.31,0.47,25.94,0.68,28.75,0.3,26.98,0.34,-0.1,1.1
2004-01-01,24.79,0.28,26.14,0.47,28.54,0.31,26.78,0.22,-0.9,-1.3
2004-02-01,26.22,0.12,26.64,0.26,28.37,0.27,26.9,0.16,0.4,1.2
2004-03-01,25.82,-0.78,27.11,-0.05,28.3,0.08,27.05,-0.18,-0.5,0.4
2004-04-01,25.71,-0.02,27.42,-0.15,28.58,0.06,27.76,-0.04,-0.8,-0.9
2004-05-01,23.65,-0.97,26.77,-0.44,28.95,0.15,27.95,0.07,0.3,1.0
2004-06-01,22.24,-0.94,26.4,-0.24,28.91,0.07,27.7,-0.0,-1.1,-0.8
2004-07-01,21.08,-0.75,25.91,0.04,29.14,0.35,27.76,0.47,0.1,-0.5
2004-08-01,20.23,-0.63,25.31,0.09,29.1,0.4,27.51,0.61,-0.4,-0.3
2004-09-01,20.25,-0.33,25.27,0.26,29.32,0.65,27.43,0.67,-0.3,-0.3
2004-10-01,21.21,0.34,25.5,0.41,29.35,0.67,27.41,0.64,-0.3,-0.1
2004-11-01,22.51,0.89,25.75,0.55,29.31,0.64,27.41,0.59,-0.8,-0.7
2004-12-01,22.99,0.15,25.83,0.56,29.13,0.68,27.28,0.63,-0.1,-0.8
2005-01-01,24.64,0.13,25.96,0.28,29.11,0.89,27.18,0.61,-0.1,0.3
2005-02-01,25.52,-0.58,26.25,-0.13,28.71,0.61,26.97,0.24,-2.2,-3.1
2005-03-01,25.23,-1.37,26.93,-0.23,28.74,0.51,27.5,0.27,0.0,0.3
2005-04-01,25.12,-0.61,27.57,-0.0,28.8,0.29,27.93,0.13,-0.5,-0.6
2005-05-01,24.58,-0.04,27.4,0.19,29.0,0.21,28.1,0.22,-0.2,-0.8
2005-06-01,22.51,-0.67,26.76,0.11,29.07,0.23,27.91,0.2,0.1,0.4
2005-07-01,21.43,-0.4,25.98,0.11,28.92,0.13,27.37,0.08,-0.6,0.2
2005-08-01,20.29,-0.57,25.44,0.22,28.71,0.02,26.96,0.06,0.3,-0.3
2005-09-01,19.9,-0.68,24.8,-0.21,28.64,-0.04,26.64,-0.12,-0.1,0.4
2005-10-01,19.76,-1.11,24.77,-0.32,28.74,0.06,26.7,-0.07,-0.0,1.2
2005-11-01,20.36,-1.27,24.22,-0.98,28.56,-0.12,26.29,-0.54,0.4,-0.2
2005-12-01,22.12,-0.71,24.05,-1.21,28.26,-0.18,25.84,-0.8,0.8,-0.0
2006-01-01,24.41,-0.11,24.85,-0.82,27.66,-0.56,25.64,-0.93,0.8,1.7
2006-02-01,26.68,0.58,26.11,-0.27,27.37,-0.73,26.06,-0.67,0.4,0.1
2006-03-01,26.32,-0.28,26.59,-0.57,27.74,-0.49,26.57,-0.66,1.1,1.8
2006-04-01,24.52,-1.21,27.27,-0.3,28.17,-0.34,27.52,-0.28,0.3,1.1
2006-05-01,24.17,-0.44,27.16,-0.05,28.65,-0.14,27.82,-0.06,0.7,-0.5
2006-06-01,22.9,-0.27,26.65,0.0,29.0,0.16,27.79,0.08,-0.4,-0.2
2006-07-01,22.0,0.17,25.85,-0.02,28.93,0.14,27.28,-0.01,0.0,-0.6
2006-08-01,21.61,0.75,25.61,0.39,29.11,0.42,27.23,0.33,-0.5,-1.0
2006-09-01,21.73,1.15,25.81,0.8,29.33,0.66,27.29,0.53,-0.5,-0.6
2006-10-01,22.48,1.6,25.88,0.79,29.32,0.63,27.42,0.65,-1.0,-1.3
2006-11-01,22.82,1.2,26.08,0.88,29.51,0.84,27.67,0.85,-0.7,0.1
2006-12-01,23.95,1.11,26.41,1.14,29.35,0.9,27.74,1.1,-0.8,-0.3
2007-01-01,25.13,0.61,26.61,0.94,28.92,0.69,27.31,0.75,-1.4,-0.8
2007-02-01,26.26,0.16,26.52,0.14,28.61,0.52,26.84,0.11,-0.1,-0.1
2007-03-01,26.28,-0.33,26.71,-0.46,28.63,0.4,27.16,-0.08,0.4,0.2
2007-04-01,25.19,-0.54,27.26,-0.31,28.66,0.15,27.7,-0.1,-0.1,-0.1
2007-05-01,23.49,-1.12,26.42,-0.79,28.65,-0.14,27.45,-0.43,0.1,-0.1
2007-06-01,22.34,-0.83,26.19,-0.46,28.73,-0.11,27.57,-0.14,0.4,0.5
2007-07-01,21.18,-0.65,25.24,-0.63,28.55,-0.24,26.89,-0.41,0.7,-0.3
2007-08-01,19.89,-0.97,24.2,-1.02,28.53,-0.17,26.32,-0.58,0.4,0.4
2007-09-01,19.51,-1.07,23.99,-1.02,28.16,-0.52,25.9,-0.86,0.5,0.2
2007-10-01,19.28,-1.59,23.8,-1.29,28.05,-0.63,25.58,-1.19,1.0,0.7
2007-11-01,19.72,-1.9,23.66,-1.54,27.57,-1.1,25.4,-1.42,0.2,0.9
2007-12-01,21.12,-1.72,23.91,-1.36,27.65,-0.8,25.47,-1.18,1.5,1.7
2008-01-01,24.26,-0.26,24.32,-1.35,26.78,-1.44,24.97,-1.59,0.6,1.8
2008-02-01,26.36,0.27,25.3,-1.08,26.71,-1.39,25.25,-1.49,2.1,2.6
2008-03-01,27.12,0.52,26.69,-0.47,27.14,-1.09,26.3,-0.94,1.9,1.4
2008-04-01,26.05,0.32,27.28,-0.29,27.57,-0.94,26.95,-0.85,1.2,0.7
2008-05-01,24.69,0.07,27.18,-0.03,27.9,-0.9,27.19,-0.69,0.9,-0.1
2008-06-01,23.62,0.44,26.52,-0.12,27.99,-0.85,27.07,-0.64,0.3,0.6
2008-07-01,22.74,0.9,26.12,0.25,28.11,-0.68,27.03,-0.27,0.5,0.3
2008-08-01,22.04,1.18,25.79,0.57,28.02,-0.68,26.83,-0.07,0.3,1.0
2008-09-01,21.7,1.12,25.35,0.34,28.09,-0.58,26.52,-0.24,0.1,1.2
2008-10-01,21.32,0.45,25.32,0.23,28.25,-0.43,26.57,-0.2,0.7,1.3
2008-11-01,21.63,0.0,25.15,-0.05,28.17,-0.5,26.47,-0.35,0.5,1.3
2008-12-01,22.58,-0.26,24.64,-0.63,27.68,-0.77,25.83,-0.82,1.6,1.4
2009-01-01,24.36,-0.16,25.32,-0.35,27.38,-0.84,25.76,-0.8,1.3,1.1
2009-02-01,25.86,-0.24,25.96,-0.42,27.41,-0.69,26.13,-0.6,1.3,1.9
2009-03-01,26.11,-0.49,26.51,-0.65,27.69,-0.54,26.61,-0.62,0.9,0.4
2009-04-01,26.07,0.34,27.53,-0.04,28.3,-0.21,27.65,-0.16,0.7,0.8
2009-05-01,25.11,0.5,27.59,0.38,28.82,0.03,28.06,0.18,0.6,-0.1
2009-06-01,23.9,0.73,27.28,0.63,28.96,0.12,28.13,0.42,-999.9,0.1
2009-07-01,22.82,0.98,26.66,0.79,29.06,0.27,27.83,0.53,-999.9,0.2
2009-08-01,21.66,0.8,26.05,0.83,29.17,0.47,27.59,0.69,-999.9,-0.2
2009-09-01,21.21,0.63,25.83,0.82,29.04,0.37,27.48,0.71,-999.9,0.3
2009-10-01,21.12,0.25,25.84,0.75,29.54,0.86,27.69,0.92,-999.9,-1.2
2009-11-01,21.87,0.25,26.27,1.07,29.84,1.17,28.25,1.43,-999.9,-0.6
2009-12-01,23.46,0.62,26.67,1.41,29.62,1.17,28.33,1.68,-2.6,-0.7
2010-01-01,24.52,0.0,26.73,1.06,29.39,1.16,28.1,1.53,-2.1,-1.1
2010-02-01,25.79,-0.3,27.12,0.74,29.01,0.92,27.92,1.19,-2.3,-1.5
2010-03-01,26.5,-0.1,27.88,0.72,29.1,0.87,28.34,1.11,-1.5,-0.7
2010-04-01,26.35,0.62,28.12,0.55,29.21,0.7,28.4,0.59,-0.3,1.2
2010-05-01,24.75,0.13,27.13,-0.09,29.0,0.21,27.77,-0.11,0.6,0.9
2010-06-01,23.36,0.18,26.08,-0.56,28.58,-0.26,27.16,-0.55,1.0,0.4
2010-07-01,20.76,-1.07,25.0,-0.87,28.13,-0.66,26.38,-0.92,0.8,1.8
2010-08-01,19.93,-0.92,24.23,-0.99,27.56,-1.13,25.69,-1.21,1.0,1.8
2010-09-01,19.23,-1.35,24.07,-0.94,27.2,-1.47,25.46,-1.31,1.3,2.2
2010-10-01,19.46,-1.41,23.72,-1.36,27.33,-1.35,25.36,-1.41,1.3,1.7
2010-11-01,20.3,-1.32,23.95,-1.25,27.24,-1.43,25.38,-1.44,1.5,1.3
2010-12-01,21.64,-1.2,23.98,-1.29,27.31,-1.14,25.44,-1.21,2.2,2.9
2011-01-01,23.89,-0.62,24.4,-1.28,27.04,-1.18,25.09,-1.48,2.0,2.3
2011-02-01,26.11,0.01,25.58,-0.8,27.03,-1.07,25.55,-1.19,2.3,2.7
2011-03-01,26.1,-0.5,26.37,-0.8,27.73,-0.5,26.4,-0.83,1.7,2.5
2011-04-01,25.61,-0.12,27.2,-0.37,27.76,-0.75,27.05,-0.76,1.1,1.9
2011-05-01,24.78,0.16,26.94,-0.28,28.37,-0.42,27.49,-0.39,0.3,0.4
2011-06-01,23.42,0.25,26.59,-0.05,28.36,-0.49,27.4,-0.31,-0.1,0.2
2011-07-01,22.12,0.29,25.88,0.01,28.38,-0.4,27.11,-0.19,0.0,1.0
2011-08-01,20.8,-0.06,24.88,-0.34,28.46,-0.23,26.48,-0.42,0.2,0.4
2011-09-01,19.88,-0.7,24.44,-0.57,28.11,-0.57,26.09,-0.67,0.2,1.0
2011-10-01,19.95,-0.93,24.35,-0.74,27.99,-0.69,26.06,-0.71,0.9,0.8
2011-11-01,20.96,-0.67,24.18,-1.02,27.87,-0.81,25.85,-0.98,0.8,1.1
2011-12-01,22.18,-0.65,24.35,-0.92,27.44,-1.01,25.66,-0.99,1.5,2.5
2012-01-01,23.91,-0.61,25.2,-0.48,27.31,-0.92,25.91,-0.65,1.7,1.1
2012-02-01,25.95,-0.15,26.13,-0.25,27.47,-0.63,26.18,-0.55,1.9,0.5
2012-03-01,26.52,-0.08,27.04,-0.12,27.55,-0.68,26.79,-0.44,0.9,0.7
2012-04-01,26.55,0.82,27.49,-0.09,27.98,-0.53,27.29,-0.51,0.1,-0.3
2012-05-01,25.42,0.81,27.26,0.05,28.37,-0.42,27.69,-0.19,-0.0,0.0
2012-06-01,24.49,1.31,27.19,0.55,28.5,-0.34,27.95,0.24,0.1,-0.4
2012-07-01,22.13,0.3,26.47,0.6,28.54,-0.25,27.57,0.27,-0.8,-0.0
2012-08-01,20.95,0.09,25.92,0.7,28.78,0.09,27.58,0.68,0.1,-0.2
2012-09-01,21.13,0.55,25.41,0.4,28.8,0.12,27.2,0.44,-0.5,0.2
2012-10-01,20.42,-0.46,25.11,0.02,29.03,0.34,27.13,0.36,-0.4,0.3
2012-11-01,21.52,-0.1,25.44,0.24,29.04,0.37,27.32,0.5,-0.2,0.3
2012-12-01,22.39,-0.45,24.61,-0.65,28.45,0.01,26.18,-0.47,0.5,-0.6
2013-01-01,24.37,-0.14,25.0,-0.67,28.14,-0.08,26.09,-0.48,-0.3,-0.1
2013-02-01,25.98,-0.11,25.83,-0.55,28.19,0.09,26.25,-0.48,0.1,-0.2
2013-03-01,26.11,-0.49,27.2,0.04,27.74,-0.49,27.02,-0.22,-0.2,1.5
2013-04-01,24.65,-1.08,27.59,0.02,28.36,-0.15,27.92,0.11,0.6,0.2
2013-05-01,23.24,-1.37,26.52,-0.69,28.57,-0.22,27.58,-0.3,0.6,0.8
2013-06-01,21.27,-1.9,25.84,-0.8,28.57,-0.27,27.37,-0.34,0.4,1.2
2013-07-01,20.02,-1.81,25.3,-0.57,28.61,-0.17,27.04,-0.26,0.6,0.8
2013-08-01,19.83,-1.03,24.5,-0.72,28.5,-0.19,26.43,-0.47,0.8,0.2
2013-09-01,19.81,-0.77,24.96,-0.05,28.74,0.06,26.82,0.05,0.3,0.3
2013-10-01,20.2,-0.67,25.04,-0.05,28.8,0.12,26.62,-0.15,0.1,-0.1
2013-11-01,20.98,-0.64,24.97,-0.23,28.81,0.14,26.73,-0.09,0.5,0.7
2013-12-01,22.83,-0.01,25.29,0.03,28.15,-0.3,26.47,-0.18,0.7,0.1
2014-01-01,24.71,0.19,25.47,-0.2,27.91,-0.32,26.07,-0.49,0.2,1.4
2014-02-01,25.18,-0.92,25.63,-0.75,27.93,-0.16,25.89,-0.85,0.2,0.1
2014-03-01,25.81,-0.79,27.11,-0.05,28.28,0.05,26.89,-0.34,-1.1,-0.9
2014-04-01,25.38,-0.35,27.74,0.17,28.83,0.32,27.99,0.18,-1.0,0.8
2014-05-01,25.18,0.57,27.8,0.59,29.27,0.48,28.33,0.45,-0.1,0.5
2014-06-01,24.39,1.22,27.58,0.93,29.07,0.22,28.18,0.47,-0.7,0.2
2014-07-01,23.19,1.36,26.35,0.48,28.83,0.04,27.27,-0.03,-0.2,-0.2
2014-08-01,21.88,1.02,25.54,0.32,28.97,0.28,26.89,-0.01,0.3,-0.7
2014-09-01,21.32,0.74,25.35,0.34,29.21,0.53,27.07,0.31,0.0,-0.7
2014-10-01,21.26,0.39,25.71,0.63,29.15,0.47,27.2,0.43,-0.2,-0.6
2014-11-01,22.36,0.74,26.08,0.88,29.4,0.73,27.57,0.75,0.2,-0.9
2014-12-01,22.73,-0.11,26.03,0.77,29.2,0.75,27.28,0.63,0.0,-0.6
2015-01-01,24.58,0.06,26.21,0.54,28.92,0.7,27.07,0.51,0.1,-0.8
2015-02-01,25.53,-0.57,26.75,0.37,29.06,0.96,27.48,0.75,-0.1,0.2
2015-03-01,26.73,0.13,27.29,0.12,29.17,0.94,27.68,0.44,-1.9,-0.7
2015-04-01,26.69,0.96,28.33,0.76,29.62,1.1,28.63,0.82,-1.0,-0.0
2015-05-01,25.95,1.34,28.07,0.86,29.68,0.89,28.71,0.83,-0.9,-0.7
2015-06-01,25.09,1.91,27.9,1.26,29.74,0.9,28.73,1.02,-1.4,-0.6
2015-07-01,24.31,2.48,27.58,1.71,29.68,0.89,28.56,1.26,-0.4,-1.1
2015-08-01,22.66,1.8,27.06,1.84,29.42,0.73,28.55,1.65,-1.5,-1.4
2015-09-01,22.84,2.26,27.1,2.09,29.46,0.79,28.55,1.79,-1.7,-1.6
2015-10-01,23.07,2.2,27.46,2.38,29.63,0.95,28.98,2.21,-1.5,-1.7
2015-11-01,23.67,2.04,27.9,2.7,30.22,1.55,29.54,2.72,-1.5,-0.5
2015-12-01,24.94,2.1,27.84,2.57,29.84,1.4,29.03,2.39,-2.7,-0.6
2016-01-01,25.72,1.21,28.16,2.49,29.49,1.26,29.04,2.47,-2.0,-2.2
2016-02-01,27.1,1.01,28.31,1.93,29.47,1.37,28.97,2.23,-2.4,-2.0
2016-03-01,27.72,1.11,28.69,1.53,29.42,1.2,28.85,1.61,-1.6,-0.1
2016-04-01,26.18,0.45,28.27,0.7,29.26,0.75,28.79,0.98,-0.9,-1.2
2016-05-01,25.06,0.44,27.18,-0.03,29.35,0.56,28.15,0.27,-0.2,0.4
2016-06-01,23.54,0.37,26.62,-0.02,29.26,0.41,27.73,0.02,0.1,0.6
2016-07-01,22.22,0.39,25.41,-0.47,28.94,0.15,26.88,-0.42,0.4,0.4
2016-08-01,21.26,0.4,24.79,-0.43,28.69,-0.01,26.41,-0.49,0.7,0.7
2016-09-01,21.17,0.59,24.91,-0.1,28.51,-0.16,26.34,-0.43,0.7,1.2
2016-10-01,21.35,0.48,24.61,-0.48,28.28,-0.4,26.07,-0.7,0.9,-0.3
2016-11-01,21.88,0.26,24.69,-0.51,28.27,-0.41,26.18,-0.64,1.2,-0.1
2016-12-01,23.26,0.42,24.98,-0.28,28.38,-0.06,26.31,-0.33,1.2,0.3
2017-01-01,25.58,1.07,25.64,-0.03,28.15,-0.07,26.3,-0.26,0.9,0.2
2017-02-01,27.24,1.14,26.91,0.53,28.01,-0.09,26.83,0.1,1.4,-0.1
2017-03-01,28.43,1.83,27.66,0.5,28.17,-0.06,27.44,0.21,1.1,0.9
2017-04-01,26.5,0.77,28.13,0.56,28.62,0.11,28.17,0.36,0.4,-0.2
2017-05-01,24.96,0.35,27.59,0.38,28.98,0.19,28.3,0.42,0.1,0.3
2017-06-01,23.15,-0.03,26.71,0.07,29.28,0.44,28.1,0.39,0.6,-0.4
2017-07-01,21.52,-0.32,26.02,0.15,29.02,0.23,27.58,0.28,-0.6,0.8
2017-08-01,20.58,-0.28,25.23,0.02,28.78,0.09,26.85,-0.06,0.2,0.5
2017-09-01,19.87,-0.71,24.5,-0.51,28.59,-0.09,26.44,-0.32,0.6,0.6
2017-10-01,19.8,-1.07,24.69,-0.39,28.56,-0.13,26.4,-0.37,0.6,0.9
2017-11-01,20.5,-1.12,24.25,-0.95,28.32,-0.35,25.91,-0.91,0.9,0.9
2017-12-01,21.62,-1.22,24.12,-1.14,28.06,-0.39,25.72,-0.93,0.7,-0.1
2018-01-01,23.78,-0.74,24.59,-1.09,28.02,-0.2,25.87,-0.7,1.7,1.1
2018-02-01,25.61,-0.49,25.59,-0.79,27.84,-0.26,26.06,-0.67,0.0,-0.5
2018-03-01,25.85,-0.75,26.43,-0.73,28.04,-0.18,26.5,-0.73,0.5,1.5
2018-04-01,24.89,-0.84,27.08,-0.49,28.56,0.05,27.31,-0.49,1.2,0.5
2018-05-01,24.07,-0.54,27.07,-0.15,28.92,0.13,27.77,-0.11,1.0,0.4
2018-06-01,22.48,-0.69,26.82,0.18,29.08,0.24,27.86,0.15,1.0,-0.1
2018-07-01,21.54,-0.29,26.14,0.27,29.01,0.22,27.52,0.22,0.2,0.2
2018-08-01,20.67,-0.18,25.36,0.14,29.16,0.47,27.18,0.28,0.3,-0.3
2018-09-01,20.6,0.02,25.29,0.28,29.13,0.46,27.1,0.33,0.2,-0.9
2018-10-01,21.15,0.27,25.85,0.76,29.56,0.88,27.63,0.86,0.3,0.4
2018-11-01,22.4,0.78,26.12,0.92,29.46,0.79,27.69,0.86,-0.5,-0.1
2018-12-01,23.67,0.84,26.21,0.94,29.41,0.97,27.54,0.9,-0.3,1.0
2019-01-01,25.32,0.8,26.41,0.73,29.06,0.83,27.24,0.67,-0.7,-0.0
2019-02-01,26.77,0.67,27.09,0.71,28.94,0.85,27.44,0.71,-1.8,-1.4
2019-03-01,27.11,0.5,27.95,0.79,29.09,0.87,28.21,0.97,-1.2,-0.3
2019-04-01,26.2,0.47,28.21,0.64,29.13,0.61,28.53,0.72,-0.8,0.1
2019-05-01,24.76,0.15,27.87,0.66,29.41,0.62,28.63,0.75,-0.7,-0.4
2019-06-01,23.15,-0.03,27.07,0.42,29.53,0.69,28.31,0.6,-0.3,-0.5
2019-07-01,21.24,-0.59,25.93,0.06,29.51,0.73,27.72,0.42,0.1,-0.4
2019-08-01,20.39,-0.47,25.11,-0.11,29.31,0.62,27.05,0.15,0.0,-0.1
2019-09-01,19.86,-0.72,24.8,-0.21,29.25,0.57,26.75,-0.01,0.5,-1.2
2019-10-01,19.94,-0.93,25.25,0.16,29.53,0.84,27.28,0.52,0.4,-0.4
2019-11-01,21.49,-0.13,25.57,0.37,29.4,0.73,27.28,0.46,-0.1,-0.8
2019-12-01,23.11,0.27,25.56,0.29,29.29,0.85,27.08,0.44,-0.2,-0.6
2020-01-01,24.49,-0.03,25.89,0.22,29.16,0.94,27.08,0.52,-0.7,0.2
2020-02-01,26.24,0.14,26.48,0.1,28.98,0.88,27.09,0.35,-1.3,-0.1
2020-03-01,27.04,0.44,27.34,0.17,28.95,0.73,27.7,0.46,0.1,-0.1
2020-04-01,26.01,0.28,27.96,0.39,29.04,0.53,28.22,0.41,0.7,0.2
2020-05-01,24.33,-0.28,27.08,-0.13,28.83,0.04,27.67,-0.21,0.7,0.4
2020-06-01,22.31,-0.87,26.07,-0.57,28.99,0.15,27.44,-0.27,1.1,-0.4
2020-07-01,20.83,-1.01,25.45,-0.42,28.83,0.05,27.15,-0.14,0.8,0.4
2020-08-01,20.17,-0.69,24.79,-0.43,28.36,-0.34,26.38,-0.52,0.8,1.1
2020-09-01,19.82,-0.76,24.21,-0.8,28.25,-0.43,26.12,-0.64,0.8,0.9
2020-10-01,20.12,-0.76,24.19,-0.9,27.97,-0.71,25.64,-1.13,1.1,0.5
2020-11-01,20.95,-0.67,24.17,-1.03,27.98,-0.7,25.59,-1.23,1.2,0.7
2020-12-01,21.98,-0.86,24.56,-0.7,27.6,-0.85,25.66,-0.99,1.8,1.8
2021-01-01,23.78,-0.74,25.16,-0.51,27.22,-1.0,25.67,-0.9,2.2,1.9
2021-02-01,25.51,-0.58,25.67,-0.71,27.23,-0.87,25.87,-0.87,1.1,1.5
2021-03-01,26.18,-0.42,26.69,-0.47,27.81,-0.41,26.69,-0.55,1.5,0.4
2021-04-01,24.6,-1.13,26.81,-0.76,28.33,-0.18,27.24,-0.57,0.1,0.3
2021-05-01,23.78,-0.83,26.76,-0.45,28.73,-0.06,27.56,-0.32,0.2,0.5
2021-06-01,23.12,-0.05,26.55,-0.09,28.88,0.04,27.67,-0.04,0.8,0.4
2021-07-01,22.08,0.25,25.77,-0.1,28.66,-0.13,27.11,-0.19,0.3,1.4
2021-08-01,20.84,-0.01,25.02,-0.2,28.62,-0.07,26.62,-0.28,1.0,0.6
2021-09-01,20.76,0.18,24.84,-0.17,28.25,-0.42,26.49,-0.27,0.7,0.8
2021-10-01,20.58,-0.29,24.53,-0.56,28.11,-0.57,26.0,-0.77,1.2,0.7
2021-11-01,20.81,-0.81,24.43,-0.77,27.99,-0.68,25.97,-0.85,1.4,1.0
2021-12-01,21.31,-1.53,24.06,-1.21,27.68,-0.76,25.6,-1.05,1.1,1.5
2022-01-01,23.82,-0.7,24.5,-1.17,28.0,-0.22,25.73,-0.83,1.1,0.5
2022-02-01,24.66,-1.43,25.32,-1.06,27.87,-0.23,26.02,-0.71,1.6,1.1
2022-03-01,25.95,-0.66,26.46,-0.7,27.58,-0.65,26.34,-0.89,1.8,1.8
2022-04-01,24.31,-1.42,26.68,-0.89,27.79,-0.72,26.85,-0.95,1.6,1.7
2022-05-01,23.2,-1.42,26.3,-0.92,27.93,-0.86,26.83,-1.05,1.5,1.4
2022-06-01,21.77,-1.41,26.02,-0.62,28.27,-0.57,27.03,-0.68,1.0,1.7
2022-07-01,20.67,-1.16,25.51,-0.36,27.9,-0.88,26.68,-0.62,0.8,0.8
2022-08-01,20.29,-0.57,24.69,-0.53,27.76,-0.93,25.92,-0.98,1.2,1.0
2022-09-01,19.46,-1.12,24.21,-0.8,27.67,-1.01,25.83,-0.93,1.2,1.6
2022-10-01,19.06,-1.81,24.17,-0.92,27.6,-1.08,25.92,-0.85,1.2,1.7
2022-11-01,20.27,-1.36,24.31,-0.89,27.77,-0.9,25.89,-0.93,1.3,0.3
2022-12-01,22.54,-0.3,24.48,-0.78,27.71,-0.73,25.81,-0.84,1.7,2.1
2023-01-01,24.27,-0.24,25.17,-0.5,27.62,-0.6,25.88,-0.69,1.8,1.4
2023-02-01,26.8,0.71,26.25,-0.13,27.58,-0.52,26.29,-0.44,1.4,1.4
2023-03-01,28.12,1.52,27.52,0.36,28.09,-0.14,27.23,-0.01,1.4,0.2
2023-04-01,28.18,2.45,28.02,0.44,28.81,0.3,27.99,0.1,0.6,0.0
2023-05-01,,,,,,,,,-999.9,0.0
2023-06-01,,,,,,,,,-999.9,0.0
2023-07-01,,,,,,,,,-999.9,0.0
2023-08-01,,,,,,,,,-999.9,0.0
2023-09-01,,,,,,,,,-999.9,0.0
2023-10-01,,,,,,,,,-999.9,0.0
2023-11-01,,,,,,,,,-999.9,0.0
2023-12-01,,,,,,,,,-999.9,0.0
